BIOGUIDE_ID,OFFICE,QUARTER,PROGRAM,CATEGORY,DATE,TRANSCODE,RECORDID,PAYEE,START DATE,END DATE,PURPOSE,AMOUNT,YEAR,RECIP (orig.)
G000552,HON. LOUIE GOHMERT,2017Q1,OFFICIAL EXPENSES OF MEMBERS,FRANKED MAIL,1/31/2017,GL,FLG0065440, ,1/20/2017,1/31/2017,FRANKED MAIL,-46.5,2017, 
G000552,HON. LOUIE GOHMERT,2017Q1,OFFICIAL EXPENSES OF MEMBERS,FRANKED MAIL,2/27/2017,AP,906822,UNITED STATES POSTAL SERVICE,1/3/2017,1/31/2017,FRANKED MAIL,1028.01,2017,UNITED STATES POSTAL SERVICE
G000552,HON. LOUIE GOHMERT,2017Q1,OFFICIAL EXPENSES OF MEMBERS,FRANKED MAIL,2/28/2017,GL,FLG0066225, ,2/20/2017,2/28/2017,FRANKED MAIL,-99.85,2017, 
G000552,HON. LOUIE GOHMERT,2017Q1,OFFICIAL EXPENSES OF MEMBERS,FRANKED MAIL,3/29/2017,AP,912278,UNITED STATES POSTAL SERVICE,2/1/2017,2/28/2017,FRANKED MAIL,594.56,2017,UNITED STATES POSTAL SERVICE
G000552,HON. LOUIE GOHMERT,2017Q1,OFFICIAL EXPENSES OF MEMBERS,FRANKED MAIL,3/31/2017,GL,FLG0067145, ,3/20/2017,3/31/2017,FRANKED MAIL,-63.55,2017, 
G000552,HON. LOUIE GOHMERT,2017Q1,OFFICIAL EXPENSES OF MEMBERS,PERSONNEL COMPENSATION,   ,   ,   ,ALLEN BRIAN W,3/20/2017,3/31/2017,LEGISLATIVE CORRESPONDENT,1161.11,2017,ALLEN BRIAN W
G000552,HON. LOUIE GOHMERT,2017Q1,OFFICIAL EXPENSES OF MEMBERS,PERSONNEL COMPENSATION,   ,   ,   ,BLACKMON LISA,1/3/2017,3/31/2017,STAFF ASSISTANT,13053.33,2017,BLACKMON LISA
G000552,HON. LOUIE GOHMERT,2017Q1,OFFICIAL EXPENSES OF MEMBERS,PERSONNEL COMPENSATION,   ,   ,   ,COHEN CHELSEA M,1/3/2017,3/31/2017,OFFICE MANAGER,17111.1,2017,COHEN CHELSEA M
G000552,HON. LOUIE GOHMERT,2017Q1,OFFICIAL EXPENSES OF MEMBERS,PERSONNEL COMPENSATION,   ,   ,   ,CONKLIN CARALEE S,3/6/2017,3/31/2017,LEGISLATIVE DIRECTOR,5000,2017,CONKLIN CARALEE S
G000552,HON. LOUIE GOHMERT,2017Q1,OFFICIAL EXPENSES OF MEMBERS,PERSONNEL COMPENSATION,   ,   ,   ,CRISP SHANNON,1/3/2017,3/31/2017,CONSTITUENT SERVICES REPRESENT,10560,2017,CRISP SHANNON
G000552,HON. LOUIE GOHMERT,2017Q1,OFFICIAL EXPENSES OF MEMBERS,PERSONNEL COMPENSATION,   ,   ,   ,ELLIS JACOB G,1/19/2017,3/31/2017,PAID INTERN,2400,2017,ELLIS JACOB G
G000552,HON. LOUIE GOHMERT,2017Q1,OFFICIAL EXPENSES OF MEMBERS,PERSONNEL COMPENSATION,   ,   ,   ,FEATHERSTON KINSEY J,1/19/2017,2/5/2017,PAID INTERN,566.67,2017,FEATHERSTON KINSEY J
G000552,HON. LOUIE GOHMERT,2017Q1,OFFICIAL EXPENSES OF MEMBERS,PERSONNEL COMPENSATION,   ,   ,   ,FEATHERSTON KINSEY J,2/6/2017,3/31/2017,PRESS ASSISTANT,4888.89,2017,FEATHERSTON KINSEY J
G000552,HON. LOUIE GOHMERT,2017Q1,OFFICIAL EXPENSES OF MEMBERS,PERSONNEL COMPENSATION,   ,   ,   ,FITZGERALD JONNA G.,1/3/2017,3/31/2017,DISTRICT DIRECTOR,23026.67,2017,FITZGERALD JONNA G.
G000552,HON. LOUIE GOHMERT,2017Q1,OFFICIAL EXPENSES OF MEMBERS,PERSONNEL COMPENSATION,   ,   ,   ,HAIR CONNIE L,1/3/2017,3/31/2017,CHIEF OF STAFF,41164.43,2017,HAIR CONNIE L
G000552,HON. LOUIE GOHMERT,2017Q1,OFFICIAL EXPENSES OF MEMBERS,PERSONNEL COMPENSATION,   ,   ,   ,HEARN BRIANNA E,1/3/2017,2/5/2017,PRESS ASSISTANT,2755.56,2017,HEARN BRIANNA E
G000552,HON. LOUIE GOHMERT,2017Q1,OFFICIAL EXPENSES OF MEMBERS,PERSONNEL COMPENSATION,   ,   ,   ,HUBBARD KIMBERLY K,1/3/2017,3/31/2017,COMMUNICATIONS DIRECTOR,12222.23,2017,HUBBARD KIMBERLY K
G000552,HON. LOUIE GOHMERT,2017Q1,OFFICIAL EXPENSES OF MEMBERS,PERSONNEL COMPENSATION,   ,   ,   ,KARTYE MELINDA D.,1/3/2017,3/31/2017,CONSTITUENT SERVICES REPRESENT,13718.23,2017,KARTYE MELINDA D.
G000552,HON. LOUIE GOHMERT,2017Q1,OFFICIAL EXPENSES OF MEMBERS,PERSONNEL COMPENSATION,   ,   ,   ,KEYES ANDREW,1/3/2017,3/31/2017,LEGISLATIVE ASSISTANT,11583.33,2017,KEYES ANDREW
G000552,HON. LOUIE GOHMERT,2017Q1,OFFICIAL EXPENSES OF MEMBERS,PERSONNEL COMPENSATION,   ,   ,   ,LAGRAVE A'LANA A,1/19/2017,2/28/2017,PAID INTERN,1400,2017,LAGRAVE A'LANA A
G000552,HON. LOUIE GOHMERT,2017Q1,OFFICIAL EXPENSES OF MEMBERS,PERSONNEL COMPENSATION,   ,   ,   ,LAGRAVE A'LANA A,3/1/2017,3/31/2017,RECEPTIONIST,2666.67,2017,LAGRAVE A'LANA A
G000552,HON. LOUIE GOHMERT,2017Q1,OFFICIAL EXPENSES OF MEMBERS,PERSONNEL COMPENSATION,   ,   ,   ,LOWES GWENDOLYN SUE,1/3/2017,3/31/2017,DISTRICT STAFF ASSISTANT,9738.67,2017,LOWES GWENDOLYN SUE
G000552,HON. LOUIE GOHMERT,2017Q1,OFFICIAL EXPENSES OF MEMBERS,PERSONNEL COMPENSATION,   ,   ,   ,PAINTER KRISTA C,1/12/2017,3/31/2017,PAID INTERN,1316.67,2017,PAINTER KRISTA C
G000552,HON. LOUIE GOHMERT,2017Q1,OFFICIAL EXPENSES OF MEMBERS,PERSONNEL COMPENSATION,   ,   ,   ,PROFFITT GAVIN W,1/3/2017,3/31/2017,RESEARCH ASSISTANT,8066.67,2017,PROFFITT GAVIN W
G000552,HON. LOUIE GOHMERT,2017Q1,OFFICIAL EXPENSES OF MEMBERS,PERSONNEL COMPENSATION,   ,   ,   ,RANKIN CHARLES D,1/3/2017,3/7/2017,LEGISLATIVE CORRESPONDENT,6319.46,2017,RANKIN CHARLES D
G000552,HON. LOUIE GOHMERT,2017Q1,OFFICIAL EXPENSES OF MEMBERS,PERSONNEL COMPENSATION,   ,   ,   ,TANNER JOHN A,1/3/2017,3/31/2017,DISTRICT OFFICE ASSISTANT,6466.67,2017,TANNER JOHN A
G000552,HON. LOUIE GOHMERT,2017Q1,OFFICIAL EXPENSES OF MEMBERS,PERSONNEL COMPENSATION,   ,   ,   ,VOGT LORI A,1/3/2017,3/31/2017,STAFF ASSISTANT,9533.33,2017,VOGT LORI A
G000552,HON. LOUIE GOHMERT,2017Q1,OFFICIAL EXPENSES OF MEMBERS,PERSONNEL COMPENSATION,   ,   ,   ,WATTS BRADLEY J,1/3/2017,2/24/2017,LEGISLATIVE DIRECTOR,13288.89,2017,WATTS BRADLEY J
G000552,HON. LOUIE GOHMERT,2017Q1,OFFICIAL EXPENSES OF MEMBERS,PERSONNEL COMPENSATION,   ,   ,   ,YEATTS KEATON L,1/3/2017,1/3/2017,PAID INTERN,16.67,2017,YEATTS KEATON L
G000552,HON. LOUIE GOHMERT,2017Q1,OFFICIAL EXPENSES OF MEMBERS,TRAVEL,1/16/2017,AP,898367,FORD MOTOR CREDIT,1/1/2017,1/31/2017,AUTOMOBILE LEASE,434.7,2017,FORD MOTOR CREDIT
G000552,HON. LOUIE GOHMERT,2017Q1,OFFICIAL EXPENSES OF MEMBERS,TRAVEL,2/14/2017,AP,E0486863,BLACKMON LISA,2/3/2017,2/3/2017,PRIVATE AUTO MILEAGE,89,2017,BLACKMON LISA
G000552,HON. LOUIE GOHMERT,2017Q1,OFFICIAL EXPENSES OF MEMBERS,TRAVEL,2/15/2017,AP,E0487466,KARTYE MELINDA D.,1/19/2017,1/19/2017,PRIVATE AUTO MILEAGE,44,2017,KARTYE MELINDA D.
G000552,HON. LOUIE GOHMERT,2017Q1,OFFICIAL EXPENSES OF MEMBERS,TRAVEL,2/16/2017,AP,903611,FORD MOTOR CREDIT,2/1/2017,2/28/2017,AUTOMOBILE LEASE,434.7,2017,FORD MOTOR CREDIT
G000552,HON. LOUIE GOHMERT,2017Q1,OFFICIAL EXPENSES OF MEMBERS,TRAVEL,3/16/2017,AP,908995,FORD MOTOR CREDIT,3/1/2017,3/31/2017,AUTOMOBILE LEASE,434.7,2017,FORD MOTOR CREDIT
G000552,HON. LOUIE GOHMERT,2017Q1,OFFICIAL EXPENSES OF MEMBERS,TRAVEL,3/21/2017,AP,E0497999,SUDDENLINK,3/16/2017,4/15/2017,PRIVATE AUTO MILEAGE,125.18,2017,SUDDENLINK
G000552,HON. LOUIE GOHMERT,2017Q1,OFFICIAL EXPENSES OF MEMBERS,TRAVEL,3/22/2017,AP,E0499266,CITIBANK GOV CARD SERVICE,1/4/2017,1/4/2017,COMMERCIAL TRANSPORTATION,498.2,2017,CITIBANK GOV CARD SERVICE
G000552,HON. LOUIE GOHMERT,2017Q1,OFFICIAL EXPENSES OF MEMBERS,TRAVEL,3/22/2017,AP,E0499266,CITIBANK GOV CARD SERVICE,12/30/2017,12/30/2017,COMMERCIAL TRANSPORTATION,428.1,2017,CITIBANK GOV CARD SERVICE
G000552,HON. LOUIE GOHMERT,2017Q1,OFFICIAL EXPENSES OF MEMBERS,TRAVEL,3/22/2017,AP,E0499266,CITIBANK GOV CARD SERVICE,1/3/2017,1/3/2017,LODGING,133.64,2017,CITIBANK GOV CARD SERVICE
G000552,HON. LOUIE GOHMERT,2017Q1,OFFICIAL EXPENSES OF MEMBERS,TRAVEL,3/28/2017,AP,E0499264,CITIBANK GOV CARD SERVICE,1/6/2017,1/6/2017,COMMERCIAL TRANSPORTATION,428.2,2017,CITIBANK GOV CARD SERVICE
G000552,HON. LOUIE GOHMERT,2017Q1,OFFICIAL EXPENSES OF MEMBERS,TRAVEL,3/28/2017,AP,E0499264,CITIBANK GOV CARD SERVICE,1/9/2017,1/9/2017,COMMERCIAL TRANSPORTATION,428.2,2017,CITIBANK GOV CARD SERVICE
G000552,HON. LOUIE GOHMERT,2017Q1,OFFICIAL EXPENSES OF MEMBERS,TRAVEL,3/28/2017,AP,E0499264,CITIBANK GOV CARD SERVICE,1/14/2017,1/14/2017,COMMERCIAL TRANSPORTATION,487.15,2017,CITIBANK GOV CARD SERVICE
G000552,HON. LOUIE GOHMERT,2017Q1,OFFICIAL EXPENSES OF MEMBERS,TRAVEL,3/28/2017,AP,E0499264,CITIBANK GOV CARD SERVICE,1/16/2017,1/16/2017,COMMERCIAL TRANSPORTATION,1144.2,2017,CITIBANK GOV CARD SERVICE
G000552,HON. LOUIE GOHMERT,2017Q1,OFFICIAL EXPENSES OF MEMBERS,TRAVEL,3/28/2017,AP,E0499264,CITIBANK GOV CARD SERVICE,1/17/2017,1/21/2017,COMMERCIAL TRANSPORTATION,856.4,2017,CITIBANK GOV CARD SERVICE
G000552,HON. LOUIE GOHMERT,2017Q1,OFFICIAL EXPENSES OF MEMBERS,TRAVEL,3/28/2017,AP,E0499264,CITIBANK GOV CARD SERVICE,1/27/2017,1/27/2017,COMMERCIAL TRANSPORTATION,187.2,2017,CITIBANK GOV CARD SERVICE
G000552,HON. LOUIE GOHMERT,2017Q1,OFFICIAL EXPENSES OF MEMBERS,TRAVEL,3/28/2017,AP,E0499264,CITIBANK GOV CARD SERVICE,2/10/2017,2/10/2017,COMMERCIAL TRANSPORTATION,324.2,2017,CITIBANK GOV CARD SERVICE
G000552,HON. LOUIE GOHMERT,2017Q1,OFFICIAL EXPENSES OF MEMBERS,TRAVEL,3/28/2017,AP,E0499264,CITIBANK GOV CARD SERVICE,2/12/2017,2/12/2017,COMMERCIAL TRANSPORTATION,202.2,2017,CITIBANK GOV CARD SERVICE
G000552,HON. LOUIE GOHMERT,2017Q1,OFFICIAL EXPENSES OF MEMBERS,TRAVEL,3/28/2017,AP,E0499264,CITIBANK GOV CARD SERVICE,2/13/2017,2/13/2017,COMMERCIAL TRANSPORTATION,376.2,2017,CITIBANK GOV CARD SERVICE
G000552,HON. LOUIE GOHMERT,2017Q1,OFFICIAL EXPENSES OF MEMBERS,TRAVEL,3/28/2017,AP,E0499264,CITIBANK GOV CARD SERVICE,2/27/2017,2/27/2017,COMMERCIAL TRANSPORTATION,755.2,2017,CITIBANK GOV CARD SERVICE
G000552,HON. LOUIE GOHMERT,2017Q1,OFFICIAL EXPENSES OF MEMBERS,TRAVEL,3/29/2017,AP,912620,SUDDENLINK,3/16/2017,4/15/2017,PRIVATE AUTO MILEAGE,-125.18,2017,SUDDENLINK
G000552,HON. LOUIE GOHMERT,2017Q1,OFFICIAL EXPENSES OF MEMBERS,RENT  COMMUNICATION  UTILITIES,1/16/2017,AP,897526,GREGG COUNTY,1/3/2017,2/2/2017,DISTRICT OFFICE RENT (PRIVATE),300,2017,GREGG COUNTY
G000552,HON. LOUIE GOHMERT,2017Q1,OFFICIAL EXPENSES OF MEMBERS,RENT  COMMUNICATION  UTILITIES,1/16/2017,AP,897966,COUNTY OF NACOGDOCHES TEXAS,1/3/2017,2/2/2017,DISTRICT OFFICE RENT (PRIVATE),216,2017,COUNTY OF NACOGDOCHES TEXAS
G000552,HON. LOUIE GOHMERT,2017Q1,OFFICIAL EXPENSES OF MEMBERS,RENT  COMMUNICATION  UTILITIES,1/16/2017,AP,900951,CITY OF LUFKIN,1/3/2017,2/2/2017,DISTRICT OFFICE RENT (PRIVATE),480,2017,CITY OF LUFKIN
G000552,HON. LOUIE GOHMERT,2017Q1,OFFICIAL EXPENSES OF MEMBERS,RENT  COMMUNICATION  UTILITIES,1/16/2017,AP,901770,HARRISON COUNTY TREASURER,1/3/2017,2/2/2017,DISTRICT OFFICE RENT (PRIVATE),85,2017,HARRISON COUNTY TREASURER
G000552,HON. LOUIE GOHMERT,2017Q1,OFFICIAL EXPENSES OF MEMBERS,RENT  COMMUNICATION  UTILITIES,1/25/2017,AP,900751,FEDERAL EXPRESS CORPORATION,1/9/2017,1/13/2017,POSTAGE / COURIER / BOX RENTAL,9.18,2017,FEDERAL EXPRESS CORPORATION
G000552,HON. LOUIE GOHMERT,2017Q1,OFFICIAL EXPENSES OF MEMBERS,RENT  COMMUNICATION  UTILITIES,1/26/2017,AP,E0481288,AT&T,12/5/2016,1/4/2017,TELECOMSRV/EQ/TOLL CHARGE,244.89,2017,AT&T
G000552,HON. LOUIE GOHMERT,2017Q1,OFFICIAL EXPENSES OF MEMBERS,RENT  COMMUNICATION  UTILITIES,1/27/2017,AP,901328,FEDERAL EXPRESS CORPORATION,1/23/2017,1/27/2017,POSTAGE / COURIER / BOX RENTAL,5.8,2017,FEDERAL EXPRESS CORPORATION
G000552,HON. LOUIE GOHMERT,2017Q1,OFFICIAL EXPENSES OF MEMBERS,RENT  COMMUNICATION  UTILITIES,1/30/2017,AP,E0482302,CONSOLIDATED COMMUNICATIONS OF TEXAS,12/16/2016,1/15/2017,UTILITIES,224.34,2017,CONSOLIDATED COMMUNICATIONS OF TEXAS
G000552,HON. LOUIE GOHMERT,2017Q1,OFFICIAL EXPENSES OF MEMBERS,RENT  COMMUNICATION  UTILITIES,1/30/2017,AP,E0482311,CONSOLIDATED COMMUNICATIONS OF TEXAS,1/16/2017,2/15/2017,UTILITIES,223.98,2017,CONSOLIDATED COMMUNICATIONS OF TEXAS
G000552,HON. LOUIE GOHMERT,2017Q1,OFFICIAL EXPENSES OF MEMBERS,RENT  COMMUNICATION  UTILITIES,1/30/2017,AP,E0482562,AT&T MOBILITY,12/7/2016,1/6/2017,TELECOMSRV/EQ/TOLL CHARGE,152.61,2017,AT&T MOBILITY
G000552,HON. LOUIE GOHMERT,2017Q1,OFFICIAL EXPENSES OF MEMBERS,RENT  COMMUNICATION  UTILITIES,2/6/2017,AP,901925,FEDERAL EXPRESS CORPORATION,1/30/2017,2/3/2017,POSTAGE / COURIER / BOX RENTAL,7.68,2017,FEDERAL EXPRESS CORPORATION
G000552,HON. LOUIE GOHMERT,2017Q1,OFFICIAL EXPENSES OF MEMBERS,RENT  COMMUNICATION  UTILITIES,2/14/2017,AP,E0486854,AT & T,12/25/2016,1/24/2017,TELECOMSRV/EQ/TOLL CHARGE,421.11,2017,AT & T
G000552,HON. LOUIE GOHMERT,2017Q1,OFFICIAL EXPENSES OF MEMBERS,RENT  COMMUNICATION  UTILITIES,2/15/2017,AP,E0486846,FRONT PORCH STRATEGIES,1/30/2017,1/30/2017,TELECOMSRV/EQ/TOLL CHARGE,3156.2,2017,FRONT PORCH STRATEGIES
G000552,HON. LOUIE GOHMERT,2017Q1,OFFICIAL EXPENSES OF MEMBERS,RENT  COMMUNICATION  UTILITIES,2/16/2017,AP,902806,GREGG COUNTY,2/3/2017,3/2/2017,DISTRICT OFFICE RENT (PRIVATE),300,2017,GREGG COUNTY
G000552,HON. LOUIE GOHMERT,2017Q1,OFFICIAL EXPENSES OF MEMBERS,RENT  COMMUNICATION  UTILITIES,2/16/2017,AP,903245,COUNTY OF NACOGDOCHES TEXAS,2/3/2017,3/2/2017,DISTRICT OFFICE RENT (PRIVATE),216,2017,COUNTY OF NACOGDOCHES TEXAS
G000552,HON. LOUIE GOHMERT,2017Q1,OFFICIAL EXPENSES OF MEMBERS,RENT  COMMUNICATION  UTILITIES,2/16/2017,AP,903725,CITY OF LUFKIN,2/3/2017,3/2/2017,DISTRICT OFFICE RENT (PRIVATE),480,2017,CITY OF LUFKIN
G000552,HON. LOUIE GOHMERT,2017Q1,OFFICIAL EXPENSES OF MEMBERS,RENT  COMMUNICATION  UTILITIES,2/16/2017,AP,903974,HARRISON COUNTY TREASURER,2/3/2017,3/2/2017,DISTRICT OFFICE RENT (PRIVATE),85,2017,HARRISON COUNTY TREASURER
G000552,HON. LOUIE GOHMERT,2017Q1,OFFICIAL EXPENSES OF MEMBERS,RENT  COMMUNICATION  UTILITIES,2/17/2017,AP,E0489223,SUDDENLINK,1/16/2017,2/15/2017,UTILITIES,125.18,2017,SUDDENLINK
G000552,HON. LOUIE GOHMERT,2017Q1,OFFICIAL EXPENSES OF MEMBERS,RENT  COMMUNICATION  UTILITIES,2/17/2017,AP,E0489328,VERIZON BUSINESS SERVICES,1/1/2017,1/31/2017,TELECOMSRV/EQ/TOLL CHARGE,51.63,2017,VERIZON BUSINESS SERVICES
G000552,HON. LOUIE GOHMERT,2017Q1,OFFICIAL EXPENSES OF MEMBERS,RENT  COMMUNICATION  UTILITIES,2/17/2017,AP,E0489334,SUDDENLINK,2/16/2017,3/15/2017,UTILITIES,125.18,2017,SUDDENLINK
G000552,HON. LOUIE GOHMERT,2017Q1,OFFICIAL EXPENSES OF MEMBERS,RENT  COMMUNICATION  UTILITIES,2/17/2017,AP,E0489362,AT&T,1/5/2017,2/4/2017,TELECOMSRV/EQ/TOLL CHARGE,244.73,2017,AT&T
G000552,HON. LOUIE GOHMERT,2017Q1,OFFICIAL EXPENSES OF MEMBERS,RENT  COMMUNICATION  UTILITIES,2/27/2017,GL,EMS0066096, ,1/1/2017,1/31/2017,DC TELECOM EQUIP (TRANSFER),4,2017, 
G000552,HON. LOUIE GOHMERT,2017Q1,OFFICIAL EXPENSES OF MEMBERS,RENT  COMMUNICATION  UTILITIES,2/27/2017,GL,EMS0066096, ,1/1/2017,1/31/2017,DC TELECOM SERV (TRANSFER),116.25,2017, 
G000552,HON. LOUIE GOHMERT,2017Q1,OFFICIAL EXPENSES OF MEMBERS,RENT  COMMUNICATION  UTILITIES,2/27/2017,GL,EMS0066096, ,1/1/2017,1/31/2017,DC TELECOM TOLLS (TRANSFER),1260.23,2017, 
G000552,HON. LOUIE GOHMERT,2017Q1,OFFICIAL EXPENSES OF MEMBERS,RENT  COMMUNICATION  UTILITIES,2/27/2017,GL,EMS0066096, ,1/1/2017,1/31/2017,DISTR OFF TELECOM EQ (TRANSF),41.42,2017, 
G000552,HON. LOUIE GOHMERT,2017Q1,OFFICIAL EXPENSES OF MEMBERS,RENT  COMMUNICATION  UTILITIES,2/27/2017,GL,EMS0066096, ,1/1/2017,1/31/2017,DISTR OFF TELECOM TOLL (TRNSF),47.15,2017, 
G000552,HON. LOUIE GOHMERT,2017Q1,OFFICIAL EXPENSES OF MEMBERS,RENT  COMMUNICATION  UTILITIES,3/2/2017,AP,E0491975,CONSOLIDATED COMMUNICATIONS OF TEXAS,2/16/2017,3/15/2017,UTILITIES,223.98,2017,CONSOLIDATED COMMUNICATIONS OF TEXAS
G000552,HON. LOUIE GOHMERT,2017Q1,OFFICIAL EXPENSES OF MEMBERS,RENT  COMMUNICATION  UTILITIES,3/2/2017,AP,E0491977,AT&T MOBILITY,1/7/2017,2/6/2017,TELECOMSRV/EQ/TOLL CHARGE,151.28,2017,AT&T MOBILITY
G000552,HON. LOUIE GOHMERT,2017Q1,OFFICIAL EXPENSES OF MEMBERS,RENT  COMMUNICATION  UTILITIES,3/2/2017,AP,E0492242,AT&T,12/21/2016,1/20/2017,TELECOMSRV/EQ/TOLL CHARGE,70.19,2017,AT&T
G000552,HON. LOUIE GOHMERT,2017Q1,OFFICIAL EXPENSES OF MEMBERS,RENT  COMMUNICATION  UTILITIES,3/2/2017,AP,E0492245,AT&T,1/21/2017,2/20/2017,TELECOMSRV/EQ/TOLL CHARGE,83.26,2017,AT&T
G000552,HON. LOUIE GOHMERT,2017Q1,OFFICIAL EXPENSES OF MEMBERS,RENT  COMMUNICATION  UTILITIES,3/3/2017,AP,E0492247,AT&T,12/27/2016,1/26/2017,TELECOMSRV/EQ/TOLL CHARGE,75,2017,AT&T
G000552,HON. LOUIE GOHMERT,2017Q1,OFFICIAL EXPENSES OF MEMBERS,RENT  COMMUNICATION  UTILITIES,3/3/2017,AP,E0492254,AT&T,1/27/2017,2/26/2017,TELECOMSRV/EQ/TOLL CHARGE,90,2017,AT&T
G000552,HON. LOUIE GOHMERT,2017Q1,OFFICIAL EXPENSES OF MEMBERS,RENT  COMMUNICATION  UTILITIES,3/7/2017,AP,907544,CG INVESTMENTS LLC,1/3/2017,2/2/2017,DISTRICT OFFICE RENT (PRIVATE),2615,2017,CG INVESTMENTS LLC
G000552,HON. LOUIE GOHMERT,2017Q1,OFFICIAL EXPENSES OF MEMBERS,RENT  COMMUNICATION  UTILITIES,3/7/2017,AP,907545,CG INVESTMENTS LLC,2/3/2017,3/2/2017,DISTRICT OFFICE RENT (PRIVATE),2615,2017,CG INVESTMENTS LLC
G000552,HON. LOUIE GOHMERT,2017Q1,OFFICIAL EXPENSES OF MEMBERS,RENT  COMMUNICATION  UTILITIES,3/14/2017,AP,907975,FEDERAL EXPRESS CORPORATION,2/27/2017,3/3/2017,POSTAGE / COURIER / BOX RENTAL,5.03,2017,FEDERAL EXPRESS CORPORATION
G000552,HON. LOUIE GOHMERT,2017Q1,OFFICIAL EXPENSES OF MEMBERS,RENT  COMMUNICATION  UTILITIES,3/16/2017,AP,908194,GREGG COUNTY,3/3/2017,4/2/2017,DISTRICT OFFICE RENT (PRIVATE),300,2017,GREGG COUNTY
G000552,HON. LOUIE GOHMERT,2017Q1,OFFICIAL EXPENSES OF MEMBERS,RENT  COMMUNICATION  UTILITIES,3/16/2017,AP,908631,COUNTY OF NACOGDOCHES TEXAS,3/3/2017,4/2/2017,DISTRICT OFFICE RENT (PRIVATE),216,2017,COUNTY OF NACOGDOCHES TEXAS
G000552,HON. LOUIE GOHMERT,2017Q1,OFFICIAL EXPENSES OF MEMBERS,RENT  COMMUNICATION  UTILITIES,3/16/2017,AP,909106,CITY OF LUFKIN,3/3/2017,4/2/2017,DISTRICT OFFICE RENT (PRIVATE),480,2017,CITY OF LUFKIN
G000552,HON. LOUIE GOHMERT,2017Q1,OFFICIAL EXPENSES OF MEMBERS,RENT  COMMUNICATION  UTILITIES,3/16/2017,AP,909357,HARRISON COUNTY TREASURER,3/3/2017,4/2/2017,DISTRICT OFFICE RENT (PRIVATE),85,2017,HARRISON COUNTY TREASURER
G000552,HON. LOUIE GOHMERT,2017Q1,OFFICIAL EXPENSES OF MEMBERS,RENT  COMMUNICATION  UTILITIES,3/16/2017,AP,909538,CG INVESTMENTS LLC,3/3/2017,4/2/2017,DISTRICT OFFICE RENT (PRIVATE),2615,2017,CG INVESTMENTS LLC
G000552,HON. LOUIE GOHMERT,2017Q1,OFFICIAL EXPENSES OF MEMBERS,RENT  COMMUNICATION  UTILITIES,3/21/2017,AP,E0497995,AT&T,2/5/2017,3/4/2017,TELECOMSRV/EQ/TOLL CHARGE,244.4,2017,AT&T
G000552,HON. LOUIE GOHMERT,2017Q1,OFFICIAL EXPENSES OF MEMBERS,RENT  COMMUNICATION  UTILITIES,3/23/2017,GL,HRS0066800, ,2/1/2017,2/28/2017,RECORDING - (TRANSFER),105,2017, 
G000552,HON. LOUIE GOHMERT,2017Q1,OFFICIAL EXPENSES OF MEMBERS,RENT  COMMUNICATION  UTILITIES,3/27/2017,AP,912415,FEDERAL EXPRESS CORPORATION,3/6/2017,3/10/2017,POSTAGE / COURIER / BOX RENTAL,9.18,2017,FEDERAL EXPRESS CORPORATION
G000552,HON. LOUIE GOHMERT,2017Q1,OFFICIAL EXPENSES OF MEMBERS,RENT  COMMUNICATION  UTILITIES,3/27/2017,GL,EMS0066929, ,2/1/2017,2/28/2017,DC TELECOM EQUIP (TRANSFER),4,2017, 
G000552,HON. LOUIE GOHMERT,2017Q1,OFFICIAL EXPENSES OF MEMBERS,RENT  COMMUNICATION  UTILITIES,3/27/2017,GL,EMS0066929, ,2/1/2017,2/28/2017,DC TELECOM SERV (TRANSFER),116.25,2017, 
G000552,HON. LOUIE GOHMERT,2017Q1,OFFICIAL EXPENSES OF MEMBERS,RENT  COMMUNICATION  UTILITIES,3/27/2017,GL,EMS0066929, ,2/1/2017,2/28/2017,DC TELECOM TOLLS (TRANSFER),1254.97,2017, 
G000552,HON. LOUIE GOHMERT,2017Q1,OFFICIAL EXPENSES OF MEMBERS,RENT  COMMUNICATION  UTILITIES,3/27/2017,GL,EMS0066929, ,2/1/2017,2/28/2017,DISTR OFF TELECOM EQ (TRANSF),41.42,2017, 
G000552,HON. LOUIE GOHMERT,2017Q1,OFFICIAL EXPENSES OF MEMBERS,RENT  COMMUNICATION  UTILITIES,3/27/2017,GL,EMS0066929, ,2/1/2017,2/28/2017,DISTR OFF TELECOM TOLL (TRNSF),48.61,2017, 
G000552,HON. LOUIE GOHMERT,2017Q1,OFFICIAL EXPENSES OF MEMBERS,RENT  COMMUNICATION  UTILITIES,3/29/2017,AP,912494,FEDERAL EXPRESS CORPORATION,3/20/2017,3/24/2017,POSTAGE / COURIER / BOX RENTAL,7.53,2017,FEDERAL EXPRESS CORPORATION
G000552,HON. LOUIE GOHMERT,2017Q1,OFFICIAL EXPENSES OF MEMBERS,RENT  COMMUNICATION  UTILITIES,3/29/2017,AP,912620,SUDDENLINK,3/16/2017,4/15/2017,UTILITIES,125.18,2017,SUDDENLINK
G000552,HON. LOUIE GOHMERT,2017Q1,OFFICIAL EXPENSES OF MEMBERS,RENT  COMMUNICATION  UTILITIES,3/31/2017,AP,E0501370,VERIZON BUSINESS SERVICES,2/1/2017,2/28/2017,TELECOMSRV/EQ/TOLL CHARGE,83.75,2017,VERIZON BUSINESS SERVICES
G000552,HON. LOUIE GOHMERT,2017Q1,OFFICIAL EXPENSES OF MEMBERS,RENT  COMMUNICATION  UTILITIES,3/31/2017,AP,E0501670,VOGT LORI A.,2/28/2017,2/28/2017,POSTAGE / COURIER / BOX RENTAL,43.67,2017,VOGT LORI A.
G000552,HON. LOUIE GOHMERT,2017Q1,OFFICIAL EXPENSES OF MEMBERS,PRINTING AND REPRODUCTION,2/13/2017,AP,E0487465,ACCURATE WORD LLC,1/18/2017,1/18/2017,PRINTING & REPRODUCTION,199.75,2017,ACCURATE WORD LLC
G000552,HON. LOUIE GOHMERT,2017Q1,OFFICIAL EXPENSES OF MEMBERS,PRINTING AND REPRODUCTION,2/16/2017,AP,902657,PUBLIC PRINTER,1/13/2017,1/13/2017,PRINTING & REPRODUCTION,222.12,2017,PUBLIC PRINTER
G000552,HON. LOUIE GOHMERT,2017Q1,OFFICIAL EXPENSES OF MEMBERS,PRINTING AND REPRODUCTION,2/16/2017,AP,902657,PUBLIC PRINTER,1/19/2017,1/19/2017,PRINTING & REPRODUCTION,48.84,2017,PUBLIC PRINTER
G000552,HON. LOUIE GOHMERT,2017Q1,OFFICIAL EXPENSES OF MEMBERS,PRINTING AND REPRODUCTION,2/17/2017,AP,904174,CITI PCARD-BLUEBONNET PUBLISHING,1/3/2017,1/28/2017,PRINTING & REPRODUCTION,31.5,2017,CITI PCARD-BLUEBONNET PUBLISHING
G000552,HON. LOUIE GOHMERT,2017Q1,OFFICIAL EXPENSES OF MEMBERS,PRINTING AND REPRODUCTION,3/7/2017,AP,E0494582,ABLES-LAND INC,1/5/2017,1/5/2017,PRINTING & REPRODUCTION,120.03,2017,ABLES-LAND INC
G000552,HON. LOUIE GOHMERT,2017Q1,OFFICIAL EXPENSES OF MEMBERS,PRINTING AND REPRODUCTION,3/21/2017,AP,912200,CITI PCARD-BLUEBONNET PUBLISHING,1/29/2017,2/28/2017,PRINTING & REPRODUCTION,31.5,2017,CITI PCARD-BLUEBONNET PUBLISHING
G000552,HON. LOUIE GOHMERT,2017Q1,OFFICIAL EXPENSES OF MEMBERS,PRINTING AND REPRODUCTION,3/31/2017,AP,912662,PUBLIC PRINTER,1/17/2017,1/17/2017,PRINTING & REPRODUCTION,36.42,2017,PUBLIC PRINTER
G000552,HON. LOUIE GOHMERT,2017Q1,OFFICIAL EXPENSES OF MEMBERS,OTHER SERVICES,1/16/2017,AP,897871,PROFESSIONAL TECHNICIANS LLC,1/1/2017,1/31/2017,TECHNOLOGY SERVICE CONTRACTS,1200,2017,PROFESSIONAL TECHNICIANS LLC
G000552,HON. LOUIE GOHMERT,2017Q1,OFFICIAL EXPENSES OF MEMBERS,OTHER SERVICES,1/16/2017,AP,897872,FIRESIDE21,1/1/2017,1/31/2017,TECHNOLOGY SERVICE CONTRACTS,1785,2017,FIRESIDE21
G000552,HON. LOUIE GOHMERT,2017Q1,OFFICIAL EXPENSES OF MEMBERS,OTHER SERVICES,1/16/2017,AP,897873,LEIDOS DIGITAL SOLUTIONS INC,1/1/2017,1/31/2017,TECHNOLOGY SERVICE CONTRACTS,260,2017,LEIDOS DIGITAL SOLUTIONS INC
G000552,HON. LOUIE GOHMERT,2017Q1,OFFICIAL EXPENSES OF MEMBERS,OTHER SERVICES,1/26/2017,AP,E0481285,GEICO COMMERCIAL AUTO INSURANCE,2/1/2017,3/1/2017,INSURANCE,332.36,2017,GEICO COMMERCIAL AUTO INSURANCE
G000552,HON. LOUIE GOHMERT,2017Q1,OFFICIAL EXPENSES OF MEMBERS,OTHER SERVICES,2/13/2017,AP,E0487398,EAST TEXAS ALARM INC,1/1/2017,12/31/2017,SECURITY SERVICE,1254,2017,EAST TEXAS ALARM INC
G000552,HON. LOUIE GOHMERT,2017Q1,OFFICIAL EXPENSES OF MEMBERS,OTHER SERVICES,2/16/2017,AP,903151,PROFESSIONAL TECHNICIANS LLC,2/1/2017,2/28/2017,TECHNOLOGY SERVICE CONTRACTS,1200,2017,PROFESSIONAL TECHNICIANS LLC
G000552,HON. LOUIE GOHMERT,2017Q1,OFFICIAL EXPENSES OF MEMBERS,OTHER SERVICES,2/16/2017,AP,903152,FIRESIDE21,2/1/2017,2/28/2017,TECHNOLOGY SERVICE CONTRACTS,1785,2017,FIRESIDE21
G000552,HON. LOUIE GOHMERT,2017Q1,OFFICIAL EXPENSES OF MEMBERS,OTHER SERVICES,2/16/2017,AP,903153,LEIDOS DIGITAL SOLUTIONS INC,2/1/2017,2/28/2017,TECHNOLOGY SERVICE CONTRACTS,260,2017,LEIDOS DIGITAL SOLUTIONS INC
G000552,HON. LOUIE GOHMERT,2017Q1,OFFICIAL EXPENSES OF MEMBERS,OTHER SERVICES,2/28/2017,AP,907050,FIRESIDE21,1/1/2017,1/31/2017,WEB DEV HST EMAIL & RLTD SERV,350,2017,FIRESIDE21
G000552,HON. LOUIE GOHMERT,2017Q1,OFFICIAL EXPENSES OF MEMBERS,OTHER SERVICES,3/2/2017,AP,E0491961,EAST TEXAS ALARM INC,2/20/2017,2/20/2017,SECURITY SERVICE,65,2017,EAST TEXAS ALARM INC
G000552,HON. LOUIE GOHMERT,2017Q1,OFFICIAL EXPENSES OF MEMBERS,OTHER SERVICES,3/16/2017,AP,908537,PROFESSIONAL TECHNICIANS LLC,3/1/2017,3/31/2017,TECHNOLOGY SERVICE CONTRACTS,1200,2017,PROFESSIONAL TECHNICIANS LLC
G000552,HON. LOUIE GOHMERT,2017Q1,OFFICIAL EXPENSES OF MEMBERS,OTHER SERVICES,3/16/2017,AP,908538,FIRESIDE21,3/1/2017,3/31/2017,TECHNOLOGY SERVICE CONTRACTS,1785,2017,FIRESIDE21
G000552,HON. LOUIE GOHMERT,2017Q1,OFFICIAL EXPENSES OF MEMBERS,OTHER SERVICES,3/16/2017,AP,908539,LEIDOS DIGITAL SOLUTIONS INC,3/1/2017,3/31/2017,TECHNOLOGY SERVICE CONTRACTS,260,2017,LEIDOS DIGITAL SOLUTIONS INC
G000552,HON. LOUIE GOHMERT,2017Q1,OFFICIAL EXPENSES OF MEMBERS,OTHER SERVICES,3/20/2017,AP,E0498003,EAST TEXAS ALARM INC,3/9/2017,3/9/2017,SECURITY SERVICE,40,2017,EAST TEXAS ALARM INC
G000552,HON. LOUIE GOHMERT,2017Q1,OFFICIAL EXPENSES OF MEMBERS,OTHER SERVICES,3/28/2017,AP,E0501671,GEICO COMMERCIAL AUTO INSURANCE,3/1/2017,10/1/2017,INSURANCE,3316.64,2017,GEICO COMMERCIAL AUTO INSURANCE
G000552,HON. LOUIE GOHMERT,2017Q1,OFFICIAL EXPENSES OF MEMBERS,SUPPLIES AND MATERIALS,1/5/2017,AP,896641,BLOOMBERG LP,12/31/2016,12/30/2018,PUBLICATIONS/REFERENCE MAT'L,11880,2018,BLOOMBERG LP
G000552,HON. LOUIE GOHMERT,2017Q1,OFFICIAL EXPENSES OF MEMBERS,SUPPLIES AND MATERIALS,1/30/2017,AP,E0482563,COHEN CHELSEA M.,1/9/2017,1/9/2017,FOOD & BEVERAGE,75,2017,COHEN CHELSEA M.
G000552,HON. LOUIE GOHMERT,2017Q1,OFFICIAL EXPENSES OF MEMBERS,SUPPLIES AND MATERIALS,1/31/2017,AP,901583,BLOOMBERG LP,12/31/2016,12/30/2018,PUBLICATIONS/REFERENCE MAT'L,-11880,2018,BLOOMBERG LP
G000552,HON. LOUIE GOHMERT,2017Q1,OFFICIAL EXPENSES OF MEMBERS,SUPPLIES AND MATERIALS,1/31/2017,AP,E0482679,LONGVIEW CHAMBER OF COMMERCE,1/6/2017,1/6/2017,FOOD & BEVERAGE,85,2017,LONGVIEW CHAMBER OF COMMERCE
G000552,HON. LOUIE GOHMERT,2017Q1,OFFICIAL EXPENSES OF MEMBERS,SUPPLIES AND MATERIALS,1/31/2017,GL,FLG0065440, ,1/20/2017,1/31/2017,OFFICE SUPPLY (TRANSFER),-96,2017, 
G000552,HON. LOUIE GOHMERT,2017Q1,OFFICIAL EXPENSES OF MEMBERS,SUPPLIES AND MATERIALS,1/31/2017,GL,RMS0065473, ,1/1/2017,1/31/2017,OFFICE SUPPLY (TRANSFER),377.03,2017, 
G000552,HON. LOUIE GOHMERT,2017Q1,OFFICIAL EXPENSES OF MEMBERS,SUPPLIES AND MATERIALS,2/15/2017,AP,E0487466,KARTYE MELINDA D.,1/19/2017,1/19/2017,FOOD & BEVERAGE,20,2017,KARTYE MELINDA D.
G000552,HON. LOUIE GOHMERT,2017Q1,OFFICIAL EXPENSES OF MEMBERS,SUPPLIES AND MATERIALS,2/17/2017,AP,904174,CITI PCARD-EAST TEXAS COMMUNITY N,1/3/2017,1/28/2017,PUBLICATIONS/REFERENCE MAT'L,244.76,2017,CITI PCARD-EAST TEXAS COMMUNITY N
G000552,HON. LOUIE GOHMERT,2017Q1,OFFICIAL EXPENSES OF MEMBERS,SUPPLIES AND MATERIALS,2/17/2017,AP,904174,CITI PCARD-JASON'S DELI TYL,1/3/2017,1/28/2017,FOOD & BEVERAGE,93.36,2017,CITI PCARD-JASON'S DELI TYL
G000552,HON. LOUIE GOHMERT,2017Q1,OFFICIAL EXPENSES OF MEMBERS,SUPPLIES AND MATERIALS,2/17/2017,AP,904174,CITI PCARD-TYLER NEWS CIRCULATION,1/3/2017,1/28/2017,PUBLICATIONS/REFERENCE MAT'L,359.88,2017,CITI PCARD-TYLER NEWS CIRCULATION
G000552,HON. LOUIE GOHMERT,2017Q1,OFFICIAL EXPENSES OF MEMBERS,SUPPLIES AND MATERIALS,2/17/2017,AP,E0489020,COHEN CHELSEA M.,2/6/2017,2/6/2017,AUTO EXPENSES,47.56,2017,COHEN CHELSEA M.
G000552,HON. LOUIE GOHMERT,2017Q1,OFFICIAL EXPENSES OF MEMBERS,SUPPLIES AND MATERIALS,2/17/2017,AP,E0489020,COHEN CHELSEA M.,1/17/2017,1/17/2017,FOOD & BEVERAGE,18.37,2017,COHEN CHELSEA M.
G000552,HON. LOUIE GOHMERT,2017Q1,OFFICIAL EXPENSES OF MEMBERS,SUPPLIES AND MATERIALS,2/17/2017,AP,E0489020,COHEN CHELSEA M.,2/1/2017,2/1/2017,OFFICE SUPPLIES (OUTSIDE),113.1,2017,COHEN CHELSEA M.
G000552,HON. LOUIE GOHMERT,2017Q1,OFFICIAL EXPENSES OF MEMBERS,SUPPLIES AND MATERIALS,2/17/2017,AP,E0489331,SPARKLETTS & SIERRA SPRINGS,1/6/2017,1/6/2017,WATER,17.16,2017,SPARKLETTS & SIERRA SPRINGS
G000552,HON. LOUIE GOHMERT,2017Q1,OFFICIAL EXPENSES OF MEMBERS,SUPPLIES AND MATERIALS,2/17/2017,AP,E0489335,SPARKLETTS & SIERRA SPRINGS,1/13/2017,2/3/2017,WATER,58.29,2017,SPARKLETTS & SIERRA SPRINGS
G000552,HON. LOUIE GOHMERT,2017Q1,OFFICIAL EXPENSES OF MEMBERS,SUPPLIES AND MATERIALS,2/24/2017,AP,E0489874,LOWES GWENDOLYN SUE,2/11/2017,2/11/2017,OFFICE SUPPLIES (OUTSIDE),53.04,2017,LOWES GWENDOLYN SUE
G000552,HON. LOUIE GOHMERT,2017Q1,OFFICIAL EXPENSES OF MEMBERS,SUPPLIES AND MATERIALS,2/27/2017,AP,906775,DEER PARK,1/31/2017,1/31/2017,WATER,19.99,2017,DEER PARK
G000552,HON. LOUIE GOHMERT,2017Q1,OFFICIAL EXPENSES OF MEMBERS,SUPPLIES AND MATERIALS,2/28/2017,GL,FLG0066225, ,2/20/2017,2/28/2017,OFFICE SUPPLY (TRANSFER),-236,2017, 
G000552,HON. LOUIE GOHMERT,2017Q1,OFFICIAL EXPENSES OF MEMBERS,SUPPLIES AND MATERIALS,2/28/2017,GL,RMS0066229, ,2/1/2017,2/28/2017,OFFICE SUPPLY (TRANSFER),612.69,2017, 
G000552,HON. LOUIE GOHMERT,2017Q1,OFFICIAL EXPENSES OF MEMBERS,SUPPLIES AND MATERIALS,3/6/2017,AP,E0489363,GREATER AREA HAWKINS CHAMBER OF COMMERCE,1/31/2017,1/31/2017,FOOD & BEVERAGE,15,2017,GREATER AREA HAWKINS CHAMBER OF COMMERCE
G000552,HON. LOUIE GOHMERT,2017Q1,OFFICIAL EXPENSES OF MEMBERS,SUPPLIES AND MATERIALS,3/15/2017,GL,FRM0066883, ,2/13/2017,2/13/2017,FRAMING (TRANSFER),31,2017, 
G000552,HON. LOUIE GOHMERT,2017Q1,OFFICIAL EXPENSES OF MEMBERS,SUPPLIES AND MATERIALS,3/20/2017,AP,E0497997,SPARKLETTS & SIERRA SPRINGS,3/3/2017,3/3/2017,WATER,35.83,2017,SPARKLETTS & SIERRA SPRINGS
G000552,HON. LOUIE GOHMERT,2017Q1,OFFICIAL EXPENSES OF MEMBERS,SUPPLIES AND MATERIALS,3/21/2017,AP,912200,CITI PCARD-DIBOLL FREE PRESS,1/29/2017,2/28/2017,PUBLICATIONS/REFERENCE MAT'L,36,2017,CITI PCARD-DIBOLL FREE PRESS
G000552,HON. LOUIE GOHMERT,2017Q1,OFFICIAL EXPENSES OF MEMBERS,SUPPLIES AND MATERIALS,3/21/2017,AP,912200,CITI PCARD-LUFKIN DAILY NEWS-CLSF,1/29/2017,2/28/2017,PUBLICATIONS/REFERENCE MAT'L,208,2017,CITI PCARD-LUFKIN DAILY NEWS-CLSF
G000552,HON. LOUIE GOHMERT,2017Q1,OFFICIAL EXPENSES OF MEMBERS,SUPPLIES AND MATERIALS,3/21/2017,AP,912200,CITI PCARD-WAL-MART,1/29/2017,2/28/2017,FOOD & BEVERAGE,87.03,2017,CITI PCARD-WAL-MART
G000552,HON. LOUIE GOHMERT,2017Q1,OFFICIAL EXPENSES OF MEMBERS,SUPPLIES AND MATERIALS,3/28/2017,AP,912405,DEER PARK,2/28/2017,2/28/2017,WATER,59.79,2017,DEER PARK
G000552,HON. LOUIE GOHMERT,2017Q1,OFFICIAL EXPENSES OF MEMBERS,SUPPLIES AND MATERIALS,3/31/2017,AP,E0501669,VOGT LORI A.,3/6/2017,3/6/2017,FOOD & BEVERAGE,77.51,2017,VOGT LORI A.
G000552,HON. LOUIE GOHMERT,2017Q1,OFFICIAL EXPENSES OF MEMBERS,SUPPLIES AND MATERIALS,3/31/2017,GL,FLG0067145, ,3/20/2017,3/31/2017,OFFICE SUPPLY (TRANSFER),-165,2017, 
G000552,HON. LOUIE GOHMERT,2017Q1,OFFICIAL EXPENSES OF MEMBERS,SUPPLIES AND MATERIALS,3/31/2017,GL,RMS0067143, ,3/1/2017,3/31/2017,OFFICE SUPPLY (TRANSFER),453.4,2017, 
G000552,HON. LOUIE GOHMERT,2017Q1,OFFICIAL EXPENSES OF MEMBERS,EQUIPMENT,1/31/2017,GL,MNT0065394, ,1/1/2017,1/31/2017,MAINTENANCE / REPAIRS,148.33,2017, 
G000552,HON. LOUIE GOHMERT,2017Q1,OFFICIAL EXPENSES OF MEMBERS,EQUIPMENT,2/28/2017,GL,MNT0066152, ,2/1/2017,2/28/2017,MAINTENANCE / REPAIRS,148.33,2017, 
G000552,HON. LOUIE GOHMERT,2017Q1,OFFICIAL EXPENSES OF MEMBERS,EQUIPMENT,3/31/2017,GL,MNT0067069, ,3/1/2017,3/31/2017,MAINTENANCE / REPAIRS,148.33,2017, 
G000552,HON. LOUIE GOHMERT,2017Q1,OFFICIAL EXPENSES OF MEMBERS,FRANKED MAIL,2/6/2017,AP,901456,UNITED STATES POSTAL SERVICE,12/1/2016,1/2/2017,FRANKED MAIL,772.36,2017,UNITED STATES POSTAL SERVICE
G000552,HON. LOUIE GOHMERT,2017Q1,OFFICIAL EXPENSES OF MEMBERS,PERSONNEL COMPENSATION,   ,   ,   ,BLACKMON LISA,1/1/2017,1/2/2017,STAFF ASSISTANT,296.67,2017,BLACKMON LISA
G000552,HON. LOUIE GOHMERT,2017Q1,OFFICIAL EXPENSES OF MEMBERS,PERSONNEL COMPENSATION,   ,   ,   ,COHEN CHELSEA M,1/1/2017,1/2/2017,OFFICE MANAGER,388.89,2017,COHEN CHELSEA M
G000552,HON. LOUIE GOHMERT,2017Q1,OFFICIAL EXPENSES OF MEMBERS,PERSONNEL COMPENSATION,   ,   ,   ,CRISP SHANNON,1/1/2017,1/2/2017,CONSTITUENT SERVICES REPRESENT,206.67,2017,CRISP SHANNON
G000552,HON. LOUIE GOHMERT,2017Q1,OFFICIAL EXPENSES OF MEMBERS,PERSONNEL COMPENSATION,   ,   ,   ,FITZGERALD JONNA G.,1/1/2017,1/2/2017,DISTRICT DIRECTOR,523.33,2017,FITZGERALD JONNA G.
G000552,HON. LOUIE GOHMERT,2017Q1,OFFICIAL EXPENSES OF MEMBERS,PERSONNEL COMPENSATION,   ,   ,   ,HAIR CONNIE L,1/1/2017,1/2/2017,CHIEF OF STAFF,935.56,2017,HAIR CONNIE L
G000552,HON. LOUIE GOHMERT,2017Q1,OFFICIAL EXPENSES OF MEMBERS,PERSONNEL COMPENSATION,   ,   ,   ,HEARN BRIANNA E,1/1/2017,1/2/2017,PRESS ASSISTANT,177.78,2017,HEARN BRIANNA E
G000552,HON. LOUIE GOHMERT,2017Q1,OFFICIAL EXPENSES OF MEMBERS,PERSONNEL COMPENSATION,   ,   ,   ,HUBBARD KIMBERLY K,1/1/2017,1/2/2017,COMMUNICATIONS DIRECTOR,277.78,2017,HUBBARD KIMBERLY K
G000552,HON. LOUIE GOHMERT,2017Q1,OFFICIAL EXPENSES OF MEMBERS,PERSONNEL COMPENSATION,   ,   ,   ,KARTYE MELINDA D.,1/1/2017,1/2/2017,CONSTITUENT SERVICES REPRESENT,311.78,2017,KARTYE MELINDA D.
G000552,HON. LOUIE GOHMERT,2017Q1,OFFICIAL EXPENSES OF MEMBERS,PERSONNEL COMPENSATION,   ,   ,   ,KEYES ANDREW,1/1/2017,1/2/2017,LEGISLATIVE ASSISTANT,250,2017,KEYES ANDREW
G000552,HON. LOUIE GOHMERT,2017Q1,OFFICIAL EXPENSES OF MEMBERS,PERSONNEL COMPENSATION,   ,   ,   ,LOWES GWENDOLYN SUE,1/1/2017,1/2/2017,DISTRICT STAFF ASSISTANT,221.33,2017,LOWES GWENDOLYN SUE
G000552,HON. LOUIE GOHMERT,2017Q1,OFFICIAL EXPENSES OF MEMBERS,PERSONNEL COMPENSATION,   ,   ,   ,PROFFITT GAVIN W,1/1/2017,1/2/2017,RESEARCH ASSISTANT,183.33,2017,PROFFITT GAVIN W
G000552,HON. LOUIE GOHMERT,2017Q1,OFFICIAL EXPENSES OF MEMBERS,PERSONNEL COMPENSATION,   ,   ,   ,RANKIN CHARLES D,1/1/2017,1/2/2017,LEGISLATIVE CORRESPONDENT,194.44,2017,RANKIN CHARLES D
G000552,HON. LOUIE GOHMERT,2017Q1,OFFICIAL EXPENSES OF MEMBERS,PERSONNEL COMPENSATION,   ,   ,   ,TANNER JOHN A,1/1/2017,1/2/2017,DISTRICT OFFICE ASSISTANT,133.33,2017,TANNER JOHN A
G000552,HON. LOUIE GOHMERT,2017Q1,OFFICIAL EXPENSES OF MEMBERS,PERSONNEL COMPENSATION,   ,   ,   ,VOGT LORI A,1/1/2017,1/2/2017,STAFF ASSISTANT,216.67,2017,VOGT LORI A
G000552,HON. LOUIE GOHMERT,2017Q1,OFFICIAL EXPENSES OF MEMBERS,PERSONNEL COMPENSATION,   ,   ,   ,WATTS BRADLEY J,1/1/2017,1/2/2017,LEGISLATIVE DIRECTOR,511.11,2017,WATTS BRADLEY J
G000552,HON. LOUIE GOHMERT,2017Q1,OFFICIAL EXPENSES OF MEMBERS,PERSONNEL COMPENSATION,   ,   ,   ,YEATTS KEATON L,1/1/2017,1/2/2017,PAID INTERN,33.33,2017,YEATTS KEATON L
G000552,HON. LOUIE GOHMERT,2017Q1,OFFICIAL EXPENSES OF MEMBERS,TRAVEL,1/19/2017,AP,900665,FORD MOTOR CREDIT,12/1/2016,12/31/2016,AUTOMOBILE LEASE,434.7,2016,FORD MOTOR CREDIT
G000552,HON. LOUIE GOHMERT,2017Q1,OFFICIAL EXPENSES OF MEMBERS,TRAVEL,1/26/2017,AR,AC-12619,FORD MOTOR CREDIT COMPANY,12/1/2016,12/31/2016,AUTOMOBILE LEASE,-460.44,2016,FORD MOTOR CREDIT COMPANY
G000552,HON. LOUIE GOHMERT,2017Q1,OFFICIAL EXPENSES OF MEMBERS,TRAVEL,2/14/2017,AP,E0486483,CITIBANK GOV CARD SERVICE,12/20/2016,12/20/2016,COMMERCIAL TRANSPORTATION,23.07,2016,CITIBANK GOV CARD SERVICE
G000552,HON. LOUIE GOHMERT,2017Q1,OFFICIAL EXPENSES OF MEMBERS,TRAVEL,2/14/2017,AP,E0486483,CITIBANK GOV CARD SERVICE,12/28/2016,12/28/2016,COMMERCIAL TRANSPORTATION,369.1,2016,CITIBANK GOV CARD SERVICE
G000552,HON. LOUIE GOHMERT,2017Q1,OFFICIAL EXPENSES OF MEMBERS,TRAVEL,2/17/2017,AP,902341,FAIRWAY FORD HENDERSON,12/13/2016,12/13/2016,AUTOMOBILE LEASE,3250,2016,FAIRWAY FORD HENDERSON
G000552,HON. LOUIE GOHMERT,2017Q1,OFFICIAL EXPENSES OF MEMBERS,TRAVEL,2/21/2017,AP,E0486491,CITIBANK GOV CARD SERVICE,11/30/2016,11/30/2016,COMMERCIAL TRANSPORTATION,426.2,2016,CITIBANK GOV CARD SERVICE
G000552,HON. LOUIE GOHMERT,2017Q1,OFFICIAL EXPENSES OF MEMBERS,TRAVEL,2/21/2017,AP,E0486491,CITIBANK GOV CARD SERVICE,12/1/2016,12/1/2016,COMMERCIAL TRANSPORTATION,298.1,2016,CITIBANK GOV CARD SERVICE
G000552,HON. LOUIE GOHMERT,2017Q1,OFFICIAL EXPENSES OF MEMBERS,TRAVEL,2/21/2017,AP,E0486491,CITIBANK GOV CARD SERVICE,12/8/2016,12/8/2016,COMMERCIAL TRANSPORTATION,498.1,2016,CITIBANK GOV CARD SERVICE
G000552,HON. LOUIE GOHMERT,2017Q1,OFFICIAL EXPENSES OF MEMBERS,TRAVEL,2/21/2017,AP,E0486491,CITIBANK GOV CARD SERVICE,12/14/2016,12/14/2016,COMMERCIAL TRANSPORTATION,776.2,2016,CITIBANK GOV CARD SERVICE
G000552,HON. LOUIE GOHMERT,2017Q1,OFFICIAL EXPENSES OF MEMBERS,TRAVEL,2/21/2017,AP,E0486491,CITIBANK GOV CARD SERVICE,12/28/2016,12/28/2016,COMMERCIAL TRANSPORTATION,150,2016,CITIBANK GOV CARD SERVICE
G000552,HON. LOUIE GOHMERT,2017Q1,OFFICIAL EXPENSES OF MEMBERS,TRAVEL,2/21/2017,AP,E0486491,CITIBANK GOV CARD SERVICE,1/2/2017,1/2/2017,COMMERCIAL TRANSPORTATION,428.1,2017,CITIBANK GOV CARD SERVICE
G000552,HON. LOUIE GOHMERT,2017Q1,OFFICIAL EXPENSES OF MEMBERS,TRAVEL,2/21/2017,AP,E0486491,CITIBANK GOV CARD SERVICE,12/6/2016,12/6/2016,LODGING,263.7,2016,CITIBANK GOV CARD SERVICE
G000552,HON. LOUIE GOHMERT,2017Q1,OFFICIAL EXPENSES OF MEMBERS,TRAVEL,3/22/2017,AP,E0499266,CITIBANK GOV CARD SERVICE,1/1/2017,1/1/2017,COMMERCIAL TRANSPORTATION,351.7,2017,CITIBANK GOV CARD SERVICE
G000552,HON. LOUIE GOHMERT,2017Q1,OFFICIAL EXPENSES OF MEMBERS,TRAVEL,3/22/2017,AP,E0499266,CITIBANK GOV CARD SERVICE,1/1/2017,1/1/2017,GASOLINE,66.15,2017,CITIBANK GOV CARD SERVICE
G000552,HON. LOUIE GOHMERT,2017Q1,OFFICIAL EXPENSES OF MEMBERS,TRAVEL,3/22/2017,AP,E0499266,CITIBANK GOV CARD SERVICE,1/2/2017,1/2/2017,GASOLINE,38.52,2017,CITIBANK GOV CARD SERVICE
G000552,HON. LOUIE GOHMERT,2017Q1,OFFICIAL EXPENSES OF MEMBERS,RENT  COMMUNICATION  UTILITIES,1/5/2017,AP,E0474751,VOGT LORI A.,8/24/2016,8/24/2016,POSTAGE / COURIER / BOX RENTAL,42.25,2016,VOGT LORI A.
G000552,HON. LOUIE GOHMERT,2017Q1,OFFICIAL EXPENSES OF MEMBERS,RENT  COMMUNICATION  UTILITIES,1/6/2017,AP,E0475288,AT&T,7/27/2016,8/26/2016,TELECOMSRV/EQ/TOLL CHARGE,75,2016,AT&T
G000552,HON. LOUIE GOHMERT,2017Q1,OFFICIAL EXPENSES OF MEMBERS,RENT  COMMUNICATION  UTILITIES,1/6/2017,AP,E0475290,AT&T,8/27/2016,9/26/2016,TELECOMSRV/EQ/TOLL CHARGE,75,2016,AT&T
G000552,HON. LOUIE GOHMERT,2017Q1,OFFICIAL EXPENSES OF MEMBERS,RENT  COMMUNICATION  UTILITIES,1/6/2017,AP,E0475292,VOGT LORI A.,10/26/2016,10/26/2016,POSTAGE / COURIER / BOX RENTAL,42.25,2016,VOGT LORI A.
G000552,HON. LOUIE GOHMERT,2017Q1,OFFICIAL EXPENSES OF MEMBERS,RENT  COMMUNICATION  UTILITIES,1/9/2017,AP,E0475286,VOGT LORI A.,6/14/2016,6/14/2016,POSTAGE / COURIER / BOX RENTAL,155.63,2016,VOGT LORI A.
G000552,HON. LOUIE GOHMERT,2017Q1,OFFICIAL EXPENSES OF MEMBERS,RENT  COMMUNICATION  UTILITIES,1/9/2017,AP,E0475287,VOGT LORI A.,9/22/2016,9/22/2016,POSTAGE / COURIER / BOX RENTAL,22.95,2016,VOGT LORI A.
G000552,HON. LOUIE GOHMERT,2017Q1,OFFICIAL EXPENSES OF MEMBERS,RENT  COMMUNICATION  UTILITIES,1/19/2017,AP,900647,CITI PCARD-SUDDENLINK-NAT'L SITE,11/29/2016,12/28/2016,UTILITIES,125.18,2016,CITI PCARD-SUDDENLINK-NAT'L SITE
G000552,HON. LOUIE GOHMERT,2017Q1,OFFICIAL EXPENSES OF MEMBERS,RENT  COMMUNICATION  UTILITIES,1/19/2017,AP,900647,CITI PCARD-VERIZON BUSINESS PAY,11/29/2016,12/28/2016,UTILITIES,53.12,2016,CITI PCARD-VERIZON BUSINESS PAY
G000552,HON. LOUIE GOHMERT,2017Q1,OFFICIAL EXPENSES OF MEMBERS,RENT  COMMUNICATION  UTILITIES,1/24/2017,AP,E0481284,AT&T,11/21/2016,12/20/2016,TELECOMSRV/EQ/TOLL CHARGE,181.71,2016,AT&T
G000552,HON. LOUIE GOHMERT,2017Q1,OFFICIAL EXPENSES OF MEMBERS,RENT  COMMUNICATION  UTILITIES,1/24/2017,AP,E0481286,AT&T,11/21/2016,12/20/2016,TELECOMSRV/EQ/TOLL CHARGE,238.29,2016,AT&T
G000552,HON. LOUIE GOHMERT,2017Q1,OFFICIAL EXPENSES OF MEMBERS,RENT  COMMUNICATION  UTILITIES,1/24/2017,AP,E0481287,AT&T,11/25/2016,12/24/2016,TELECOMSRV/EQ/TOLL CHARGE,421.4,2016,AT&T
G000552,HON. LOUIE GOHMERT,2017Q1,OFFICIAL EXPENSES OF MEMBERS,RENT  COMMUNICATION  UTILITIES,1/26/2017,GL,EMS0065250, ,12/1/2016,12/31/2016,DC TELECOM EQUIP (TRANSFER),4,2016, 
G000552,HON. LOUIE GOHMERT,2017Q1,OFFICIAL EXPENSES OF MEMBERS,RENT  COMMUNICATION  UTILITIES,1/26/2017,GL,EMS0065250, ,12/1/2016,12/31/2016,DC TELECOM SERV (TRANSFER),116.25,2016, 
G000552,HON. LOUIE GOHMERT,2017Q1,OFFICIAL EXPENSES OF MEMBERS,RENT  COMMUNICATION  UTILITIES,1/26/2017,GL,EMS0065250, ,12/1/2016,12/31/2016,DC TELECOM TOLLS (TRANSFER),1252.68,2016, 
G000552,HON. LOUIE GOHMERT,2017Q1,OFFICIAL EXPENSES OF MEMBERS,RENT  COMMUNICATION  UTILITIES,1/26/2017,GL,EMS0065250, ,12/1/2016,12/31/2016,DISTR OFF TELECOM EQ (TRANSF),41.42,2016, 
G000552,HON. LOUIE GOHMERT,2017Q1,OFFICIAL EXPENSES OF MEMBERS,RENT  COMMUNICATION  UTILITIES,1/26/2017,GL,EMS0065250, ,12/1/2016,12/31/2016,DISTR OFF TELECOM TOLL (TRNSF),40.24,2016, 
G000552,HON. LOUIE GOHMERT,2017Q1,OFFICIAL EXPENSES OF MEMBERS,RENT  COMMUNICATION  UTILITIES,1/27/2017,GL,HRS0065252, ,12/1/2016,12/31/2016,RECORDING - (TRANSFER),130,2016, 
G000552,HON. LOUIE GOHMERT,2017Q1,OFFICIAL EXPENSES OF MEMBERS,RENT  COMMUNICATION  UTILITIES,1/30/2017,AP,E0482296,AT&T,11/21/2016,12/20/2016,TELECOMSRV/EQ/TOLL CHARGE,70.19,2016,AT&T
G000552,HON. LOUIE GOHMERT,2017Q1,OFFICIAL EXPENSES OF MEMBERS,RENT  COMMUNICATION  UTILITIES,2/8/2017,AP,E0485849,AT&T,10/25/2016,11/24/2016,TELECOMSRV/EQ/TOLL CHARGE,421.4,2016,AT&T
G000552,HON. LOUIE GOHMERT,2017Q1,OFFICIAL EXPENSES OF MEMBERS,RENT  COMMUNICATION  UTILITIES,2/13/2017,AP,E0486848,AT&T,10/25/2016,11/24/2016,TELECOMSRV/EQ/TOLL CHARGE,421.4,2016,AT&T
G000552,HON. LOUIE GOHMERT,2017Q1,OFFICIAL EXPENSES OF MEMBERS,RENT  COMMUNICATION  UTILITIES,2/17/2017,AP,E0489323,VERIZON BUSINESS SERVICES,12/1/2016,12/31/2016,TELECOMSRV/EQ/TOLL CHARGE,39.16,2016,VERIZON BUSINESS SERVICES
G000552,HON. LOUIE GOHMERT,2017Q1,OFFICIAL EXPENSES OF MEMBERS,RENT  COMMUNICATION  UTILITIES,3/2/2017,AP,E0491997,CONSOLIDATED COMMUNICATIONS OF TEXAS,11/16/2016,12/15/2016,UTILITIES,222.17,2016,CONSOLIDATED COMMUNICATIONS OF TEXAS
G000552,HON. LOUIE GOHMERT,2017Q1,OFFICIAL EXPENSES OF MEMBERS,PRINTING AND REPRODUCTION,1/3/2017,AP,E0473648,ACCURATE WORD LLC,10/31/2016,10/31/2016,PRINTING & REPRODUCTION,41.9,2016,ACCURATE WORD LLC
G000552,HON. LOUIE GOHMERT,2017Q1,OFFICIAL EXPENSES OF MEMBERS,PRINTING AND REPRODUCTION,1/19/2017,AP,900647,CITI PCARD-BLUEBONNET PUBLISHING,11/29/2016,12/28/2016,PRINTING & REPRODUCTION,82,2016,CITI PCARD-BLUEBONNET PUBLISHING
G000552,HON. LOUIE GOHMERT,2017Q1,OFFICIAL EXPENSES OF MEMBERS,PRINTING AND REPRODUCTION,2/21/2017,AP,E0489879,EAST TEXAS COPY SYSTEMS INC,10/1/2016,12/31/2016,PRINTING & REPRODUCTION,231.21,2016,EAST TEXAS COPY SYSTEMS INC
G000552,HON. LOUIE GOHMERT,2017Q1,OFFICIAL EXPENSES OF MEMBERS,PRINTING AND REPRODUCTION,2/21/2017,AP,E0489883,ACCURATE WORD LLC,11/9/2016,11/9/2016,PRINTING & REPRODUCTION,29.95,2016,ACCURATE WORD LLC
G000552,HON. LOUIE GOHMERT,2017Q1,OFFICIAL EXPENSES OF MEMBERS,PRINTING AND REPRODUCTION,2/21/2017,AP,E0489884,EAST TEXAS COPY SYSTEMS INC,4/1/2016,6/30/2016,PRINTING & REPRODUCTION,218.54,2016,EAST TEXAS COPY SYSTEMS INC
G000552,HON. LOUIE GOHMERT,2017Q1,OFFICIAL EXPENSES OF MEMBERS,OTHER SERVICES,1/4/2017,AP,896936,FIRESIDE21,11/1/2016,11/30/2016,WEB DEV HST EMAIL & RLTD SERV,350,2016,FIRESIDE21
G000552,HON. LOUIE GOHMERT,2017Q1,OFFICIAL EXPENSES OF MEMBERS,OTHER SERVICES,1/20/2017,AP,900806,FIRESIDE21,12/1/2016,12/31/2016,WEB DEV HST EMAIL & RLTD SERV,350,2016,FIRESIDE21
G000552,HON. LOUIE GOHMERT,2017Q1,OFFICIAL EXPENSES OF MEMBERS,SUPPLIES AND MATERIALS,1/3/2017,AP,E0473636,SPARKLETTS & SIERRA SPRINGS,12/9/2016,12/9/2016,WATER,49.26,2016,SPARKLETTS & SIERRA SPRINGS
G000552,HON. LOUIE GOHMERT,2017Q1,OFFICIAL EXPENSES OF MEMBERS,SUPPLIES AND MATERIALS,1/3/2017,AP,E0473640,VOGT LORI A.,11/28/2016,11/28/2016,FOOD & BEVERAGE,3.06,2016,VOGT LORI A.
G000552,HON. LOUIE GOHMERT,2017Q1,OFFICIAL EXPENSES OF MEMBERS,SUPPLIES AND MATERIALS,1/3/2017,AP,E0473643,VOGT LORI A.,11/28/2016,11/28/2016,FOOD & BEVERAGE,104.32,2016,VOGT LORI A.
G000552,HON. LOUIE GOHMERT,2017Q1,OFFICIAL EXPENSES OF MEMBERS,SUPPLIES AND MATERIALS,1/3/2017,AP,E0473660,ABLES-LAND INC,12/19/2016,12/19/2016,OFFICE SUPPLIES (OUTSIDE),335.94,2016,ABLES-LAND INC
G000552,HON. LOUIE GOHMERT,2017Q1,OFFICIAL EXPENSES OF MEMBERS,SUPPLIES AND MATERIALS,1/4/2017,AP,E0473631,VOGT LORI A.,12/5/2016,12/5/2016,FOOD & BEVERAGE,10.65,2016,VOGT LORI A.
G000552,HON. LOUIE GOHMERT,2017Q1,OFFICIAL EXPENSES OF MEMBERS,SUPPLIES AND MATERIALS,1/5/2017,AP,E0474747,VOGT LORI A.,11/28/2016,11/28/2016,OFFICE SUPPLIES (OUTSIDE),22.26,2016,VOGT LORI A.
G000552,HON. LOUIE GOHMERT,2017Q1,OFFICIAL EXPENSES OF MEMBERS,SUPPLIES AND MATERIALS,1/5/2017,AP,E0474748,LOWES GWENDOLYN SUE,12/3/2016,12/3/2016,OFFICE SUPPLIES (OUTSIDE),58.38,2016,LOWES GWENDOLYN SUE
G000552,HON. LOUIE GOHMERT,2017Q1,OFFICIAL EXPENSES OF MEMBERS,SUPPLIES AND MATERIALS,1/5/2017,AP,E0474750,VOGT LORI A.,11/13/2016,11/13/2016,FOOD & BEVERAGE,2.65,2016,VOGT LORI A.
G000552,HON. LOUIE GOHMERT,2017Q1,OFFICIAL EXPENSES OF MEMBERS,SUPPLIES AND MATERIALS,1/6/2017,AP,E0475277,VOGT LORI A.,8/11/2016,1/11/2017,PUBLICATIONS/REFERENCE MAT'L,104.69,2017,VOGT LORI A.
G000552,HON. LOUIE GOHMERT,2017Q1,OFFICIAL EXPENSES OF MEMBERS,SUPPLIES AND MATERIALS,1/6/2017,AP,E0475283,VOGT LORI A.,4/11/2016,4/11/2016,FOOD & BEVERAGE,45.02,2016,VOGT LORI A.
G000552,HON. LOUIE GOHMERT,2017Q1,OFFICIAL EXPENSES OF MEMBERS,SUPPLIES AND MATERIALS,1/6/2017,AP,E0475284,VOGT LORI A.,2/14/2016,2/14/2016,OFFICE SUPPLIES (OUTSIDE),7.82,2016,VOGT LORI A.
G000552,HON. LOUIE GOHMERT,2017Q1,OFFICIAL EXPENSES OF MEMBERS,SUPPLIES AND MATERIALS,1/6/2017,AP,E0475293,VOGT LORI A.,6/29/2016,6/29/2016,FOOD & BEVERAGE,13.85,2016,VOGT LORI A.
G000552,HON. LOUIE GOHMERT,2017Q1,OFFICIAL EXPENSES OF MEMBERS,SUPPLIES AND MATERIALS,1/9/2017,AP,E0475139,HAIR CONNIE,12/13/2016,12/13/2016,FOOD & BEVERAGE,90.9,2016,HAIR CONNIE
G000552,HON. LOUIE GOHMERT,2017Q1,OFFICIAL EXPENSES OF MEMBERS,SUPPLIES AND MATERIALS,1/9/2017,AP,E0475139,HAIR CONNIE,12/15/2016,12/15/2016,OFFICE SUPPLIES (OUTSIDE),296.79,2016,HAIR CONNIE
G000552,HON. LOUIE GOHMERT,2017Q1,OFFICIAL EXPENSES OF MEMBERS,SUPPLIES AND MATERIALS,1/9/2017,AP,E0475139,HAIR CONNIE,12/16/2016,12/16/2016,PUBLICATIONS/REFERENCE MAT'L,21.51,2016,HAIR CONNIE
G000552,HON. LOUIE GOHMERT,2017Q1,OFFICIAL EXPENSES OF MEMBERS,SUPPLIES AND MATERIALS,1/9/2017,AP,E0475140,HAIR CONNIE,12/13/2016,12/13/2016,OFFICE SUPPLIES (OUTSIDE),430.32,2016,HAIR CONNIE
G000552,HON. LOUIE GOHMERT,2017Q1,OFFICIAL EXPENSES OF MEMBERS,SUPPLIES AND MATERIALS,1/9/2017,AP,E0475271,COHEN CHELSEA M.,12/7/2016,12/7/2016,OFFICE SUPPLIES (OUTSIDE),71.7,2016,COHEN CHELSEA M.
G000552,HON. LOUIE GOHMERT,2017Q1,OFFICIAL EXPENSES OF MEMBERS,SUPPLIES AND MATERIALS,1/9/2017,AP,E0475271,COHEN CHELSEA M.,12/13/2016,12/13/2016,OFFICE SUPPLIES (OUTSIDE),134.03,2016,COHEN CHELSEA M.
G000552,HON. LOUIE GOHMERT,2017Q1,OFFICIAL EXPENSES OF MEMBERS,SUPPLIES AND MATERIALS,1/9/2017,AP,E0475272,COHEN CHELSEA M.,5/9/2016,5/9/2016,OFFICE SUPPLIES (OUTSIDE),6.88,2016,COHEN CHELSEA M.
G000552,HON. LOUIE GOHMERT,2017Q1,OFFICIAL EXPENSES OF MEMBERS,SUPPLIES AND MATERIALS,1/9/2017,AP,E0475272,COHEN CHELSEA M.,6/1/2016,6/1/2016,OFFICE SUPPLIES (OUTSIDE),22.94,2016,COHEN CHELSEA M.
G000552,HON. LOUIE GOHMERT,2017Q1,OFFICIAL EXPENSES OF MEMBERS,SUPPLIES AND MATERIALS,1/9/2017,AP,E0475272,COHEN CHELSEA M.,6/1/2016,6/1/2016,PUBLICATIONS/REFERENCE MAT'L,50.68,2016,COHEN CHELSEA M.
G000552,HON. LOUIE GOHMERT,2017Q1,OFFICIAL EXPENSES OF MEMBERS,SUPPLIES AND MATERIALS,1/9/2017,AP,E0475273,VOGT LORI A.,3/14/2016,3/14/2016,OFFICE SUPPLIES (OUTSIDE),111.33,2016,VOGT LORI A.
G000552,HON. LOUIE GOHMERT,2017Q1,OFFICIAL EXPENSES OF MEMBERS,SUPPLIES AND MATERIALS,1/9/2017,AP,E0475279,COHEN CHELSEA M.,9/29/2016,9/29/2016,OFFICE SUPPLIES (OUTSIDE),52.37,2016,COHEN CHELSEA M.
G000552,HON. LOUIE GOHMERT,2017Q1,OFFICIAL EXPENSES OF MEMBERS,SUPPLIES AND MATERIALS,1/9/2017,AP,E0475281,VOGT LORI A.,4/11/2016,4/11/2016,FOOD & BEVERAGE,16.36,2016,VOGT LORI A.
G000552,HON. LOUIE GOHMERT,2017Q1,OFFICIAL EXPENSES OF MEMBERS,SUPPLIES AND MATERIALS,1/9/2017,AP,E0475289,PORTFOLIO MEDIA INC,12/28/2016,12/27/2017,PUBLICATIONS/REFERENCE MAT'L,2650,2017,PORTFOLIO MEDIA INC
G000552,HON. LOUIE GOHMERT,2017Q1,OFFICIAL EXPENSES OF MEMBERS,SUPPLIES AND MATERIALS,1/10/2017,AP,E0473633,FIRESIDE21,12/12/2016,12/12/2018,PUBLICATIONS/REFERENCE MAT'L,6500,2018,FIRESIDE21
G000552,HON. LOUIE GOHMERT,2017Q1,OFFICIAL EXPENSES OF MEMBERS,SUPPLIES AND MATERIALS,1/11/2017,AP,E0474746,VOGT LORI A.,12/20/2016,12/20/2016,OFFICE SUPPLIES (OUTSIDE),20.56,2016,VOGT LORI A.
G000552,HON. LOUIE GOHMERT,2017Q1,OFFICIAL EXPENSES OF MEMBERS,SUPPLIES AND MATERIALS,1/11/2017,AP,E0475240,VOGT LORI A.,12/22/2016,12/22/2016,OFFICE SUPPLIES (OUTSIDE),47.99,2016,VOGT LORI A.
G000552,HON. LOUIE GOHMERT,2017Q1,OFFICIAL EXPENSES OF MEMBERS,SUPPLIES AND MATERIALS,1/11/2017,AP,E0475274,VOGT LORI A.,3/23/2016,3/23/2016,OFFICE SUPPLIES (OUTSIDE),39.39,2016,VOGT LORI A.
G000552,HON. LOUIE GOHMERT,2017Q1,OFFICIAL EXPENSES OF MEMBERS,SUPPLIES AND MATERIALS,1/11/2017,AP,E0475275,VOGT LORI A.,7/11/2016,7/11/2016,OFFICE SUPPLIES (OUTSIDE),272.03,2016,VOGT LORI A.
G000552,HON. LOUIE GOHMERT,2017Q1,OFFICIAL EXPENSES OF MEMBERS,SUPPLIES AND MATERIALS,1/11/2017,AP,E0475278,VOGT LORI A.,9/27/2016,9/27/2016,OFFICE SUPPLIES (OUTSIDE),33.58,2016,VOGT LORI A.
G000552,HON. LOUIE GOHMERT,2017Q1,OFFICIAL EXPENSES OF MEMBERS,SUPPLIES AND MATERIALS,1/11/2017,AP,E0475282,VOGT LORI A.,11/22/2016,11/22/2016,OFFICE SUPPLIES (OUTSIDE),133.8,2016,VOGT LORI A.
G000552,HON. LOUIE GOHMERT,2017Q1,OFFICIAL EXPENSES OF MEMBERS,SUPPLIES AND MATERIALS,1/11/2017,AP,E0475295,VOGT LORI A.,10/4/2016,10/4/2016,OFFICE SUPPLIES (OUTSIDE),30,2016,VOGT LORI A.
G000552,HON. LOUIE GOHMERT,2017Q1,OFFICIAL EXPENSES OF MEMBERS,SUPPLIES AND MATERIALS,1/11/2017,AP,E0475739,VOGT LORI A.,8/7/2016,8/7/2016,OFFICE SUPPLIES (OUTSIDE),55.36,2016,VOGT LORI A.
G000552,HON. LOUIE GOHMERT,2017Q1,OFFICIAL EXPENSES OF MEMBERS,SUPPLIES AND MATERIALS,1/18/2017,AP,E0475280,VOGT LORI A.,9/27/2016,9/27/2016,OFFICE SUPPLIES (OUTSIDE),80.42,2016,VOGT LORI A.
G000552,HON. LOUIE GOHMERT,2017Q1,OFFICIAL EXPENSES OF MEMBERS,SUPPLIES AND MATERIALS,1/19/2017,AP,900647,CITI PCARD-EAST TEXAS COMMUNITY N,11/29/2016,12/28/2016,PUBLICATIONS/REFERENCE MAT'L,50.5,2016,CITI PCARD-EAST TEXAS COMMUNITY N
G000552,HON. LOUIE GOHMERT,2017Q1,OFFICIAL EXPENSES OF MEMBERS,SUPPLIES AND MATERIALS,1/19/2017,AP,900647,CITI PCARD-SUPPLIESOUTLET.COM,11/29/2016,12/28/2016,OFFICE SUPPLIES (OUTSIDE),210.94,2016,CITI PCARD-SUPPLIESOUTLET.COM
G000552,HON. LOUIE GOHMERT,2017Q1,OFFICIAL EXPENSES OF MEMBERS,SUPPLIES AND MATERIALS,1/20/2017,AP,900787,DEER PARK,12/31/2016,12/31/2016,WATER,19.99,2016,DEER PARK
G000552,HON. LOUIE GOHMERT,2017Q1,OFFICIAL EXPENSES OF MEMBERS,SUPPLIES AND MATERIALS,1/31/2017,AP,901583,BLOOMBERG LP,12/31/2016,12/31/2016,PUBLICATIONS/REFERENCE MAT'L,11880,2016,BLOOMBERG LP
G000552,HON. LOUIE GOHMERT,2017Q1,OFFICIAL EXPENSES OF MEMBERS,SUPPLIES AND MATERIALS,2/17/2017,AP,904174,CITI PCARD-THE DAILY SENTINEL-CIR,12/29/2016,1/2/2017,PUBLICATIONS/REFERENCE MAT'L,312,2017,CITI PCARD-THE DAILY SENTINEL-CIR
G000552,HON. LOUIE GOHMERT,2017Q1,OFFICIAL EXPENSES OF MEMBERS,SUPPLIES AND MATERIALS,3/7/2017,AP,E0494577,ABLES-LAND INC,11/11/2016,11/11/2016,OFFICE SUPPLIES (OUTSIDE),23.68,2016,ABLES-LAND INC
G000552,HON. LOUIE GOHMERT,2017Q1,OFFICIAL EXPENSES OF MEMBERS,SUPPLIES AND MATERIALS,3/7/2017,AP,E0494580,ABLES-LAND INC,10/19/2016,10/19/2016,OFFICE SUPPLIES (OUTSIDE),229.9,2016,ABLES-LAND INC
G000552,HON. LOUIE GOHMERT,2017Q1,OFFICIAL EXPENSES OF MEMBERS,SUPPLIES AND MATERIALS,3/7/2017,AP,E0494584,ABLES-LAND INC,11/29/2016,11/29/2016,OFFICE SUPPLIES (OUTSIDE),474.16,2016,ABLES-LAND INC
G000552,HON. LOUIE GOHMERT,2017Q1,OFFICIAL EXPENSES OF MEMBERS,SUPPLIES AND MATERIALS,3/7/2017,AP,E0494587,ABLES-LAND INC,11/23/2016,11/23/2016,OFFICE SUPPLIES (OUTSIDE),310.9,2016,ABLES-LAND INC
G000552,HON. LOUIE GOHMERT,2017Q1,OFFICIAL EXPENSES OF MEMBERS,EQUIPMENT,3/10/2017,AP,907735,CDW GOVERNMENT INC. C/O ISM IN,2/16/2017,2/16/2017,COMPUTER HARDW PURCH  LESS THAN $25 000,723.78,2017,CDW GOVERNMENT INC. C/O ISM IN
G000552,HON. LOUIE GOHMERT,2017Q1,OFFICIAL EXPENSES OF MEMBERS,RENT  COMMUNICATION  UTILITIES,1/13/2017,AP,E0475296,VOGT LORI A.,5/25/2015,5/25/2015,POSTAGE / COURIER / BOX RENTAL,69,2015,VOGT LORI A.
G000552,HON. LOUIE GOHMERT,2017Q1,OFFICIAL EXPENSES OF MEMBERS,PRINTING AND REPRODUCTION,2/27/2017,AP,E0489881,EAST TEXAS COPY SYSTEMS INC,10/1/2015,12/31/2015,PRINTING & REPRODUCTION,230.93,2015,EAST TEXAS COPY SYSTEMS INC
G000552,HON. LOUIE GOHMERT,2017Q1,OFFICIAL EXPENSES OF MEMBERS,SUPPLIES AND MATERIALS,1/13/2017,AP,E0475285,VOGT LORI A.,10/5/2015,10/5/2015,OFFICE SUPPLIES (OUTSIDE),101.07,2015,VOGT LORI A.
